{
  "dataset": {
    "trace_count": 117,
    "traces_with_labels": 114,
    "traces_without_labels": 3,
    "avg_candidate_count": 18.145299145299145,
    "avg_positive_count": 3.3076923076923075,
    "category_counts": {
      "Formatting Errors": 124,
      "Instruction Non-compliance": 65,
      "Goal Deviation": 62,
      "Tool-related": 47,
      "Tool Selection Errors": 44,
      "Task Orchestration": 43,
      "Language-only": 41,
      "Resource Abuse": 39,
      "Poor Information Retrieval": 28,
      "Context Handling Failures": 19,
      "Incorrect Problem Identification": 18,
      "Tool Output Misinterpretation": 16,
      "Environment Setup Errors": 9,
      "Resource Not Found": 7,
      "Context Handling Failure": 5,
      "Authentication Errors": 5,
      "Tool Definition Issues": 3,
      "Timeout Issues": 2,
      "Resource Exhaustion": 2,
      "Service Errors": 2,
      " Incorrect Problem Identification": 1,
      "Tool Selection": 1,
      "Task Orchestration Errors": 1,
      "Goal deviation": 1
    }
  },
  "graph_method": {
    "name": "agenttrace_gaia",
    "evaluated_traces_any": 114,
    "evaluated_traces_root_proxy": 114,
    "hit@1_any": 0.5964912280701754,
    "hit@3_any": 0.8245614035087719,
    "hit@5_any": 0.9035087719298246,
    "mrr_any": 0.73543157622105,
    "recall@1": 0.30760233918128654,
    "recall@3": 0.6346491228070178,
    "recall@5": 0.7116332497911445,
    "hit@1_root_proxy": 0.16666666666666666,
    "hit@3_root_proxy": 0.5526315789473685,
    "hit@5_root_proxy": 0.6403508771929824,
    "mrr_root_proxy": 0.38685966536340033,
    "avg_candidate_count": 18.145299145299145,
    "avg_positive_count": 3.3076923076923075,
    "mean_runtime_ms": 0.5323769217237639
  },
  "baselines": {
    "random": {
      "name": "random",
      "evaluated_traces_any": 114,
      "evaluated_traces_root_proxy": 114,
      "hit@1_any": 0.2894736842105263,
      "hit@3_any": 0.6403508771929824,
      "hit@5_any": 0.8421052631578947,
      "mrr_any": 0.5109019079309941,
      "recall@1": 0.1102548036758563,
      "recall@3": 0.36194653299916457,
      "recall@5": 0.5918546365914787,
      "hit@1_root_proxy": 0.08771929824561403,
      "hit@3_root_proxy": 0.3508771929824561,
      "hit@5_root_proxy": 0.5789473684210527,
      "mrr_root_proxy": 0.28423676240025464,
      "avg_candidate_count": 18.145299145299145,
      "avg_positive_count": 3.3076923076923075,
      "mean_runtime_ms": 0.002506836795080931
    },
    "first_action": {
      "name": "first_action",
      "evaluated_traces_any": 114,
      "evaluated_traces_root_proxy": 114,
      "hit@1_any": 0.0,
      "hit@3_any": 0.631578947368421,
      "hit@5_any": 0.7192982456140351,
      "mrr_any": 0.3140690428467654,
      "recall@1": 0.0,
      "recall@3": 0.448172514619883,
      "recall@5": 0.6035087719298246,
      "hit@1_root_proxy": 0.0,
      "hit@3_root_proxy": 0.631578947368421,
      "hit@5_root_proxy": 0.7192982456140351,
      "mrr_root_proxy": 0.3140690428467654,
      "avg_candidate_count": 18.145299145299145,
      "avg_positive_count": 3.3076923076923075,
      "mean_runtime_ms": 0.0003290593496754638
    },
    "last_action": {
      "name": "last_action",
      "evaluated_traces_any": 114,
      "evaluated_traces_root_proxy": 114,
      "hit@1_any": 0.07017543859649122,
      "hit@3_any": 0.6666666666666666,
      "hit@5_any": 0.868421052631579,
      "mrr_any": 0.3309849103055435,
      "recall@1": 0.03128654970760234,
      "recall@3": 0.34144736842105256,
      "recall@5": 0.6717209690893902,
      "hit@1_root_proxy": 0.008771929824561403,
      "hit@3_root_proxy": 0.15789473684210525,
      "hit@5_root_proxy": 0.5263157894736842,
      "mrr_root_proxy": 0.18075078728625216,
      "avg_candidate_count": 18.145299145299145,
      "avg_positive_count": 3.3076923076923075,
      "mean_runtime_ms": 0.0004555555418706857
    }
  },
  "llm_method": {
    "name": "llm_gaia",
    "evaluated_traces_any": 114,
    "evaluated_traces_root_proxy": 114,
    "hit@1_any": 0.21929824561403508,
    "hit@3_any": 0.6228070175438597,
    "hit@5_any": 0.7982456140350878,
    "mrr_any": 0.44593920144012505,
    "recall@1": 0.08729114452798663,
    "recall@3": 0.4009816207184629,
    "recall@5": 0.6412593984962407,
    "hit@1_root_proxy": 0.07894736842105263,
    "hit@3_root_proxy": 0.32456140350877194,
    "hit@5_root_proxy": 0.6052631578947368,
    "mrr_root_proxy": 0.27830946275775437,
    "avg_candidate_count": 18.145299145299145,
    "avg_positive_count": 3.3076923076923075,
    "mean_runtime_ms": 3046.802001710261
  }
}
