{
  "dataset_size": 550,
  "weights": {
    "position": 0.45,
    "structure": 0.15,
    "content": 0.15,
    "flow": 0.0,
    "confidence": 0.25
  },
  "learned": {
    "weights": {
      "position": 0.45,
      "structure": 0.15,
      "content": 0.15,
      "flow": 0.0,
      "confidence": 0.25
    },
    "validation_metrics": {
      "hit@1": 0.86,
      "hit@3": 0.96,
      "mrr": 0.9116666666666666
    },
    "weight_profile": "robust"
  },
  "weight_profile": "robust",
  "methods": {
    "random": {
      "hit@1": 0.0890909090909091,
      "hit@3": 0.2672727272727273,
      "hit@5": 0.4618181818181818,
      "mrr": 0.26979442779442764,
      "mean_runtime_ms": 0.0016056365248831835,
      "evaluated_scenarios": 550
    },
    "first_node": {
      "hit@1": 0.0,
      "hit@3": 0.5672727272727273,
      "hit@5": 0.8,
      "mrr": 0.31357310870947236,
      "mean_runtime_ms": 0.0002549095502631231,
      "evaluated_scenarios": 550
    },
    "last_node": {
      "hit@1": 0.03636363636363636,
      "hit@3": 0.06909090909090909,
      "hit@5": 0.16545454545454547,
      "mrr": 0.16173726273726297,
      "mean_runtime_ms": 0.0008441821079362522,
      "evaluated_scenarios": 550
    },
    "agenttrace": {
      "hit@1": 0.8654545454545455,
      "hit@3": 0.9636363636363636,
      "hit@5": 0.9890909090909091,
      "mrr": 0.9176536796536795,
      "mean_runtime_ms": 1.367560907859694,
      "evaluated_scenarios": 550
    },
    "position_only": {
      "hit@1": 0.2727272727272727,
      "hit@3": 0.610909090909091,
      "hit@5": 0.7872727272727272,
      "mrr": 0.488891113936568,
      "mean_runtime_ms": 1.3665180009874431,
      "evaluated_scenarios": 550
    },
    "llm_analysis": {
      "hit@1": 0.54,
      "hit@3": 0.78,
      "hit@5": 0.88,
      "mrr": 0.6813419913419912,
      "mean_runtime_ms": 1563.6586759984493,
      "evaluated_scenarios": 50
    }
  },
  "agenttrace_breakdowns": {
    "by_domain": {
      "Customer Service": {
        "count": 51,
        "hit@1": 0.6862745098039216,
        "hit@3": 0.8823529411764706,
        "hit@5": 0.9803921568627451,
        "mrr": 0.8088235294117647
      },
      "DevOps Automation": {
        "count": 60,
        "hit@1": 0.8666666666666667,
        "hit@3": 1.0,
        "hit@5": 1.0,
        "mrr": 0.9222222222222223
      },
      "Educational Tutoring": {
        "count": 60,
        "hit@1": 0.8333333333333334,
        "hit@3": 0.9833333333333333,
        "hit@5": 1.0,
        "mrr": 0.9061111111111111
      },
      "Financial Advisory": {
        "count": 60,
        "hit@1": 1.0,
        "hit@3": 1.0,
        "hit@5": 1.0,
        "mrr": 1.0
      },
      "Financial Trading": {
        "count": 50,
        "hit@1": 0.88,
        "hit@3": 0.96,
        "hit@5": 0.98,
        "mrr": 0.9216666666666667
      },
      "Healthcare Coordination": {
        "count": 60,
        "hit@1": 0.8333333333333334,
        "hit@3": 0.9833333333333333,
        "hit@5": 0.9833333333333333,
        "mrr": 0.8972222222222223
      },
      "Legal Document Analysis": {
        "count": 60,
        "hit@1": 0.85,
        "hit@3": 0.9333333333333333,
        "hit@5": 0.9833333333333333,
        "mrr": 0.9057142857142857
      },
      "Planning & Scheduling": {
        "count": 46,
        "hit@1": 0.782608695652174,
        "hit@3": 0.9130434782608695,
        "hit@5": 1.0,
        "mrr": 0.8659420289855073
      },
      "Research Analysis": {
        "count": 51,
        "hit@1": 0.9019607843137255,
        "hit@3": 0.9607843137254902,
        "hit@5": 0.9607843137254902,
        "mrr": 0.9346405228758169
      },
      "Software Development": {
        "count": 52,
        "hit@1": 1.0,
        "hit@3": 1.0,
        "hit@5": 1.0,
        "mrr": 1.0
      }
    },
    "by_domain_group": {
      "Business": {
        "count": 110,
        "hit@1": 0.9454545454545454,
        "hit@3": 0.9818181818181818,
        "hit@5": 0.990909090909091,
        "mrr": 0.9643939393939394
      },
      "Knowledge": {
        "count": 171,
        "hit@1": 0.8596491228070176,
        "hit@3": 0.9590643274853801,
        "hit@5": 0.9824561403508771,
        "mrr": 0.9144806460595934
      },
      "Planning": {
        "count": 46,
        "hit@1": 0.782608695652174,
        "hit@3": 0.9130434782608695,
        "hit@5": 1.0,
        "mrr": 0.8659420289855073
      },
      "Service": {
        "count": 111,
        "hit@1": 0.7657657657657657,
        "hit@3": 0.9369369369369369,
        "hit@5": 0.9819819819819819,
        "mrr": 0.8566066066066066
      },
      "Technical": {
        "count": 112,
        "hit@1": 0.9285714285714286,
        "hit@3": 1.0,
        "hit@5": 1.0,
        "mrr": 0.9583333333333333
      }
    },
    "by_bug_type": {
      "communication_failure": {
        "count": 125,
        "hit@1": 0.736,
        "hit@3": 0.928,
        "hit@5": 0.968,
        "mrr": 0.8383428571428572
      },
      "data_corruption": {
        "count": 94,
        "hit@1": 0.7553191489361702,
        "hit@3": 0.8936170212765957,
        "hit@5": 0.9787234042553191,
        "mrr": 0.8386524822695035
      },
      "logic_error": {
        "count": 169,
        "hit@1": 0.9526627218934911,
        "hit@3": 1.0,
        "hit@5": 1.0,
        "mrr": 0.9733727810650887
      },
      "missing_validation": {
        "count": 100,
        "hit@1": 0.95,
        "hit@3": 1.0,
        "hit@5": 1.0,
        "mrr": 0.975
      },
      "role_confusion": {
        "count": 62,
        "hit@1": 0.9193548387096774,
        "hit@3": 0.9838709677419355,
        "hit@5": 1.0,
        "mrr": 0.9529569892473119
      }
    },
    "by_bug_position": {
      "early": {
        "count": 312,
        "hit@1": 0.9583333333333334,
        "hit@3": 0.9903846153846154,
        "hit@5": 1.0,
        "mrr": 0.9756944444444445
      },
      "late": {
        "count": 63,
        "hit@1": 0.6984126984126984,
        "hit@3": 0.9523809523809523,
        "hit@5": 0.9841269841269841,
        "mrr": 0.8211640211640212
      },
      "middle": {
        "count": 175,
        "hit@1": 0.76,
        "hit@3": 0.92,
        "hit@5": 0.9714285714285714,
        "mrr": 0.8489115646258503
      }
    },
    "by_trace_length": {
      "10-11": {
        "count": 128,
        "hit@1": 0.875,
        "hit@3": 0.96875,
        "hit@5": 0.984375,
        "mrr": 0.9227864583333333
      },
      "12-13": {
        "count": 153,
        "hit@1": 0.8431372549019608,
        "hit@3": 0.9477124183006536,
        "hit@5": 1.0,
        "mrr": 0.902723311546841
      },
      "14-15": {
        "count": 143,
        "hit@1": 0.8951048951048951,
        "hit@3": 0.958041958041958,
        "hit@5": 0.9790209790209791,
        "mrr": 0.9304861804861804
      },
      "8-9": {
        "count": 126,
        "hit@1": 0.8492063492063492,
        "hit@3": 0.9841269841269841,
        "hit@5": 0.9920634920634921,
        "mrr": 0.916005291005291
      }
    }
  }
}
