{
  "dataset_size": 550,
  "weights": {
    "position": 0.6,
    "structure": 0.25,
    "content": 0.1,
    "flow": 0.02,
    "confidence": 0.03
  },
  "learned": {
    "weights": {
      "position": 0.6,
      "structure": 0.25,
      "content": 0.1,
      "flow": 0.02,
      "confidence": 0.03
    },
    "validation_metrics": {
      "hit@1": 0.2,
      "hit@3": 0.5,
      "mrr": 0.4351190476190476
    }
  },
  "methods": {
    "random": {
      "hit@1": 0.08727272727272728,
      "hit@3": 0.2509090909090909,
      "hit@5": 0.42727272727272725,
      "mrr": 0.2656788312697403,
      "mean_runtime_ms": 0.00179018222049556
    },
    "first_node": {
      "hit@1": 0.0,
      "hit@3": 0.5672727272727273,
      "hit@5": 0.8,
      "mrr": 0.3135731087094722,
      "mean_runtime_ms": 0.0003192726184021343
    },
    "last_node": {
      "hit@1": 0.03636363636363636,
      "hit@3": 0.06909090909090909,
      "hit@5": 0.16545454545454547,
      "mrr": 0.16173726273726302,
      "mean_runtime_ms": 0.000841636634008451
    },
    "agenttrace": {
      "hit@1": 0.3618181818181818,
      "hit@3": 0.66,
      "hit@5": 0.8127272727272727,
      "mrr": 0.567812757949121,
      "mean_runtime_ms": 0.9422392745248296
    },
    "position_only": {
      "hit@1": 0.2727272727272727,
      "hit@3": 0.6090909090909091,
      "hit@5": 0.7654545454545455,
      "mrr": 0.49448786062422323,
      "mean_runtime_ms": 0.9292910905258561
    }
  },
  "agenttrace_breakdowns": {
    "by_domain": {
      "Customer Service": {
        "count": 51,
        "hit@1": 0.3137254901960784,
        "hit@3": 0.6470588235294118,
        "hit@5": 0.8431372549019608,
        "mrr": 0.5309044985515574
      },
      "DevOps Automation": {
        "count": 60,
        "hit@1": 0.43333333333333335,
        "hit@3": 0.6833333333333333,
        "hit@5": 0.85,
        "mrr": 0.6135383597883598
      },
      "Educational Tutoring": {
        "count": 60,
        "hit@1": 0.38333333333333336,
        "hit@3": 0.7,
        "hit@5": 0.8166666666666667,
        "mrr": 0.5860455747955748
      },
      "Financial Advisory": {
        "count": 60,
        "hit@1": 0.4,
        "hit@3": 0.7,
        "hit@5": 0.8166666666666667,
        "mrr": 0.5999470899470899
      },
      "Financial Trading": {
        "count": 50,
        "hit@1": 0.44,
        "hit@3": 0.7,
        "hit@5": 0.86,
        "mrr": 0.6272308802308803
      },
      "Healthcare Coordination": {
        "count": 60,
        "hit@1": 0.3,
        "hit@3": 0.5666666666666667,
        "hit@5": 0.7,
        "mrr": 0.5053841991341991
      },
      "Legal Document Analysis": {
        "count": 60,
        "hit@1": 0.31666666666666665,
        "hit@3": 0.6833333333333333,
        "hit@5": 0.8166666666666667,
        "mrr": 0.5541600529100529
      },
      "Planning & Scheduling": {
        "count": 46,
        "hit@1": 0.17391304347826086,
        "hit@3": 0.5434782608695652,
        "hit@5": 0.7608695652173914,
        "mrr": 0.43376623376623374
      },
      "Research Analysis": {
        "count": 51,
        "hit@1": 0.47058823529411764,
        "hit@3": 0.6274509803921569,
        "hit@5": 0.803921568627451,
        "mrr": 0.6172268907563025
      },
      "Software Development": {
        "count": 52,
        "hit@1": 0.36538461538461536,
        "hit@3": 0.7307692307692307,
        "hit@5": 0.8653846153846154,
        "mrr": 0.5939040126540127
      }
    },
    "by_domain_group": {
      "Business": {
        "count": 110,
        "hit@1": 0.41818181818181815,
        "hit@3": 0.7,
        "hit@5": 0.8363636363636363,
        "mrr": 0.6123488128033583
      },
      "Knowledge": {
        "count": 171,
        "hit@1": 0.38596491228070173,
        "hit@3": 0.672514619883041,
        "hit@5": 0.8128654970760234,
        "mrr": 0.5841573631047315
      },
      "Planning": {
        "count": 46,
        "hit@1": 0.17391304347826086,
        "hit@3": 0.5434782608695652,
        "hit@5": 0.7608695652173914,
        "mrr": 0.43376623376623374
      },
      "Service": {
        "count": 111,
        "hit@1": 0.3063063063063063,
        "hit@3": 0.6036036036036037,
        "hit@5": 0.7657657657657657,
        "mrr": 0.5171097421097421
      },
      "Technical": {
        "count": 112,
        "hit@1": 0.4017857142857143,
        "hit@3": 0.7053571428571429,
        "hit@5": 0.8571428571428571,
        "mrr": 0.6044224129045557
      }
    },
    "by_bug_type": {
      "communication_failure": {
        "count": 125,
        "hit@1": 0.448,
        "hit@3": 0.664,
        "hit@5": 0.792,
        "mrr": 0.6066167388167388
      },
      "data_corruption": {
        "count": 94,
        "hit@1": 0.44680851063829785,
        "hit@3": 0.6276595744680851,
        "hit@5": 0.776595744680851,
        "mrr": 0.5984299683767769
      },
      "logic_error": {
        "count": 169,
        "hit@1": 0.3431952662721893,
        "hit@3": 0.6627218934911243,
        "hit@5": 0.834319526627219,
        "mrr": 0.5621253335750377
      },
      "missing_validation": {
        "count": 100,
        "hit@1": 0.26,
        "hit@3": 0.66,
        "hit@5": 0.85,
        "mrr": 0.5220079365079365
      },
      "role_confusion": {
        "count": 62,
        "hit@1": 0.27419354838709675,
        "hit@3": 0.6935483870967742,
        "hit@5": 0.7903225806451613,
        "mrr": 0.5325408462505237
      }
    },
    "by_bug_position": {
      "early": {
        "count": 312,
        "hit@1": 0.6217948717948718,
        "hit@3": 1.0,
        "hit@5": 1.0,
        "mrr": 0.8108974358974359
      },
      "late": {
        "count": 63,
        "hit@1": 0.0,
        "hit@3": 0.031746031746031744,
        "hit@5": 0.12698412698412698,
        "mrr": 0.1402965641060879
      },
      "middle": {
        "count": 175,
        "hit@1": 0.02857142857142857,
        "hit@3": 0.28,
        "hit@5": 0.7257142857142858,
        "mrr": 0.28833333333333333
      }
    },
    "by_trace_length": {
      "10-11": {
        "count": 128,
        "hit@1": 0.265625,
        "hit@3": 0.625,
        "hit@5": 0.8125,
        "mrr": 0.5085038442460318
      },
      "12-13": {
        "count": 153,
        "hit@1": 0.33986928104575165,
        "hit@3": 0.6470588235294118,
        "hit@5": 0.8169934640522876,
        "mrr": 0.5523663337388828
      },
      "14-15": {
        "count": 143,
        "hit@1": 0.44755244755244755,
        "hit@3": 0.7482517482517482,
        "hit@5": 0.8041958041958042,
        "mrr": 0.6368717917668967
      },
      "8-9": {
        "count": 126,
        "hit@1": 0.3888888888888889,
        "hit@3": 0.6111111111111112,
        "hit@5": 0.8174603174603174,
        "mrr": 0.568442932728647
      }
    }
  }
}
